discount_band,total_sales,total_profit,profit_margin_pct
>30%,278236.5688000002,-120934.63740000028,-43.46
0-10%,54369.35100000001,9029.176999999998,16.61
0%,1072777.3199999915,317184.04429999966,29.57
10-20%,783865.9615000046,90798.29570000006,11.58
20-30%,103226.65499999988,-10369.277399999997,-10.05
