year,month,total_sales,total_profit
NULL,NULL,2292475.8562999563,285707.60220000165
