Ship_Mode,total_sales,total_profit,profit_margin_pct
"Standard Class",1355004.1939999827,164084.48259999973,12.11
"Second Class",456247.8503999999,56724.30419999997,12.43
"First Class",353662.84690000006,48788.54900000001,13.8
"Same Day",127560.96500000001,16110.266399999986,12.63
Ship_Mode,0,0,NULL
