Region,total_sales,total_profit,profit_margin_pct
West,720031.3445000002,107303.70150000004,14.9
East,679086.053999998,91603.05670000015,13.49
South,390882.5850000005,46650.341000000044,11.93
Central,502475.87280000065,40150.50299999999,7.99
Region,0,0,NULL
