Customer_Name,total_sales,total_profit
"Tamara Chand",19017.847999999998,8964.482600000001
"Raymond Buch",15117.339,6976.0959
"Sanjit Chand",14142.333999999999,5757.411899999999
"Hunter Lopez",12873.297999999999,5622.4292000000005
"Adrian Barton",14355.610999999997,5438.9075
"Tom Ashbrook",14595.62,4703.788299999999
"Christopher Martinez",8954.02,3899.8903999999998
"Keith Dawkins",8181.256,3038.6254
"Andy Reiter",6608.448,2884.6207999999997
"Daniel Raglin",8350.868,2869.0760000000005
